Strategy,Max_Threads_Tested,Final_Efficiency,Average_Efficiency,Runtime_Increase_Factor
1: Multiple_Regions,64,0.101,0.5408571428571428,9.856175972927243
2: Fewer_Regions,64,0.101,0.5408571428571428,9.881656804733726
3: Task_Based,64,0.102,0.5412857142857143,9.831365935919056
4: SIMD_Optimized,64,0.102,0.5408571428571428,9.84771573604061
5: Advanced_Scheduling,64,0.102,0.54,9.847844463229078
6: Sections_Based,64,0.101,0.5389999999999999,9.940928270042193
